instruction,image_url
Pick up the green block that is furthest away from you and in front of two blue blocks.,https://raw.githubusercontent.com/dulangaweerakoon/images_mturk_pickplace/master/dist1/Configuration_3_v2.png
Pick up the blue block furthest to your left.,https://raw.githubusercontent.com/dulangaweerakoon/images_mturk_pickplace/master/dist1/Configuration_7_v1.png
Pick up the yellow block that is between a green block and a blue block.,https://raw.githubusercontent.com/dulangaweerakoon/images_mturk_pickplace/master/dist1/Configuration_11_v1.png
On the left hand side of the group of blocks are 5 green blocks. Pick up the one that is in the middle.,https://raw.githubusercontent.com/dulangaweerakoon/images_mturk_pickplace/master/dist1/Configuration_6_v1.png
"Pick up the yellow block, in the middle touching the green block on the left side.",https://raw.githubusercontent.com/dulangaweerakoon/images_mturk_pickplace/master/dist1/Configuration_13_v2.png
Pickup the green block that is second farthest to the right.,https://raw.githubusercontent.com/dulangaweerakoon/images_mturk_pickplace/master/dist1/Configuration_6_v2.png
Pick up the third blue block from your left.,https://raw.githubusercontent.com/dulangaweerakoon/images_mturk_pickplace/master/dist1/Configuration_2_v2.png
Look for a blue block. Pick up the blue block that is furthest away from you.,https://raw.githubusercontent.com/dulangaweerakoon/images_mturk_pickplace/master/dist1/Configuration_12_v2.png
There are three blue blocks on your left side - pick up the middle of the three.,https://raw.githubusercontent.com/dulangaweerakoon/images_mturk_pickplace/master/dist1/Configuration_2_v1.png
"To your left, there's an orange next to three blue blocks. Pick up the first blue touching the orange.",https://raw.githubusercontent.com/dulangaweerakoon/images_mturk_pickplace/master/dist1/Configuration_2_v2.png
Pick up the blue block farthest on your right.,https://raw.githubusercontent.com/dulangaweerakoon/images_mturk_pickplace/master/dist1/Configuration_11_v2.png
Pick up the green block closest to you.,https://raw.githubusercontent.com/dulangaweerakoon/images_mturk_pickplace/master/dist1/Configuration_3_v1.png
Pick up the block in the center,https://raw.githubusercontent.com/dulangaweerakoon/images_mturk_pickplace/master/dist1/Configuration_6_v2.png
Pick up the blue block that is next to the other blue block and by the orange block.,https://raw.githubusercontent.com/dulangaweerakoon/images_mturk_pickplace/master/dist1/Configuration_12_v1.png
Pick up the blue block that is above the orange block that is nearest you.,https://raw.githubusercontent.com/dulangaweerakoon/images_mturk_pickplace/master/dist1/Configuration_2_v2.png
There is a small grouping of two green blocks to your left. Pick up the block that is closer to the blue block next to that group.,https://raw.githubusercontent.com/dulangaweerakoon/images_mturk_pickplace/master/dist1/Configuration_7_v2.png
Pick up the nearest green block to you,https://raw.githubusercontent.com/dulangaweerakoon/images_mturk_pickplace/master/dist1/Configuration_1_v2.png
Pick up the blue block on your left.,https://raw.githubusercontent.com/dulangaweerakoon/images_mturk_pickplace/master/dist1/Configuration_7_v1.png
Pick up the yellow block that is furthest away from you.,https://raw.githubusercontent.com/dulangaweerakoon/images_mturk_pickplace/master/dist1/Configuration_5_v2.png
Grab the closest orange block to you on your right side.,https://raw.githubusercontent.com/dulangaweerakoon/images_mturk_pickplace/master/dist1/Configuration_10_v2.png
"Pick up the green block that is closest to you, the one right in front of you.",https://raw.githubusercontent.com/dulangaweerakoon/images_mturk_pickplace/master/dist1/Configuration_9_v2.png
Pick up the blue block that is the furthermost block away from you on the table.,https://raw.githubusercontent.com/dulangaweerakoon/images_mturk_pickplace/master/dist1/Configuration_12_v2.png
Pick up the orange block that is the farthest away from you to the left.,https://raw.githubusercontent.com/dulangaweerakoon/images_mturk_pickplace/master/dist1/Configuration_10_v1.png
Take the orange block that is all the way on the right.,https://raw.githubusercontent.com/dulangaweerakoon/images_mturk_pickplace/master/dist1/Configuration_10_v1.png
There are 3 blue blocks on the left side of the table.  Please pick up the blue block that is on the right side of this group.,https://raw.githubusercontent.com/dulangaweerakoon/images_mturk_pickplace/master/dist1/Configuration_2_v2.png
Pick up last blue block near the orange block.,https://raw.githubusercontent.com/dulangaweerakoon/images_mturk_pickplace/master/dist1/Configuration_12_v1.png
"Find the green block that is farthest from you. Now, pick up the green block that is just in front of that far green block.",https://raw.githubusercontent.com/dulangaweerakoon/images_mturk_pickplace/master/dist1/Configuration_7_v2.png
pick up the blue cube furthest to your right,https://raw.githubusercontent.com/dulangaweerakoon/images_mturk_pickplace/master/dist1/Configuration_14_v1.png
Pick up the orange block furthest to the left.,https://raw.githubusercontent.com/dulangaweerakoon/images_mturk_pickplace/master/dist1/Configuration_10_v1.png
Take the green block that has two orange blocks behind it.,https://raw.githubusercontent.com/dulangaweerakoon/images_mturk_pickplace/master/dist1/Configuration_6_v2.png
On the left side pick up the green block that is closest to you.,https://raw.githubusercontent.com/dulangaweerakoon/images_mturk_pickplace/master/dist1/Configuration_7_v2.png
I would ask them to pick the block on their right.,https://raw.githubusercontent.com/dulangaweerakoon/images_mturk_pickplace/master/dist1/Configuration_11_v2.png
Pick up the blue block the is in front of the green block that is closet to you..,https://raw.githubusercontent.com/dulangaweerakoon/images_mturk_pickplace/master/dist1/Configuration_14_v2.png
There are three block in the middle of the table and grab the one at the farthest right.,https://raw.githubusercontent.com/dulangaweerakoon/images_mturk_pickplace/master/dist1/Configuration_8_v2.png
"The box at the utmost top, grab the one immediately to the left of it.",https://raw.githubusercontent.com/dulangaweerakoon/images_mturk_pickplace/master/dist1/Configuration_5_v1.png
pick up the second blue block from the left,https://raw.githubusercontent.com/dulangaweerakoon/images_mturk_pickplace/master/dist1/Configuration_2_v1.png
Pick up the only green block on your left side.,https://raw.githubusercontent.com/dulangaweerakoon/images_mturk_pickplace/master/dist1/Configuration_9_v1.png
"pick up your left hand, place it on the table,  slide it to the right and touch the first green block you see.",https://raw.githubusercontent.com/dulangaweerakoon/images_mturk_pickplace/master/dist1/Configuration_1_v2.png
Pick up the green block that is directly in front of you.,https://raw.githubusercontent.com/dulangaweerakoon/images_mturk_pickplace/master/dist1/Configuration_6_v2.png
Pick up the center most green block.,https://raw.githubusercontent.com/dulangaweerakoon/images_mturk_pickplace/master/dist1/Configuration_6_v2.png
Pick up the leftmost green block. This block is next to the leftmost blue block.,https://raw.githubusercontent.com/dulangaweerakoon/images_mturk_pickplace/master/dist1/Configuration_7_v2.png
"There is a cluster of 3 blue blocks to your left. It is near an orange block. Grab the one in the center, it should be the closest one to you in that group.",https://raw.githubusercontent.com/dulangaweerakoon/images_mturk_pickplace/master/dist1/Configuration_2_v1.png
"From your point of view, grab the second yellow block directly behind the left most blue block.",https://raw.githubusercontent.com/dulangaweerakoon/images_mturk_pickplace/master/dist1/Configuration_13_v2.png
Pick up the yellow block that is  to the immediate left of the blue block on your right.,https://raw.githubusercontent.com/dulangaweerakoon/images_mturk_pickplace/master/dist1/Configuration_4_v1.png
Pick up the green block directly in front of the orange block.,https://raw.githubusercontent.com/dulangaweerakoon/images_mturk_pickplace/master/dist1/Configuration_6_v2.png
Pick up the yellow block closest to you that is touching a green block.,https://raw.githubusercontent.com/dulangaweerakoon/images_mturk_pickplace/master/dist1/Configuration_13_v2.png
Pick up the block below last one on the right side,https://raw.githubusercontent.com/dulangaweerakoon/images_mturk_pickplace/master/dist1/Configuration_13_v1.png
"Pick up the purple block that is the furthest away from you, this block is also the second purple block that you see looking from your right and going left.",https://raw.githubusercontent.com/dulangaweerakoon/images_mturk_pickplace/master/dist1/Configuration_12_v2.png
I would tell the robot to pick up the green block that is directly in front of me,https://raw.githubusercontent.com/dulangaweerakoon/images_mturk_pickplace/master/dist1/Configuration_9_v2.png
Pick up the blue block furthest to the right,https://raw.githubusercontent.com/dulangaweerakoon/images_mturk_pickplace/master/dist1/Configuration_14_v1.png
pick up the next to the farthest blue block,https://raw.githubusercontent.com/dulangaweerakoon/images_mturk_pickplace/master/dist1/Configuration_12_v1.png
"There are five blocks that are green in close proximity to each other, you can see them starting from your left. Pick up the green block that is in the middle of the group.",https://raw.githubusercontent.com/dulangaweerakoon/images_mturk_pickplace/master/dist1/Configuration_6_v1.png
the green block closest to you,https://raw.githubusercontent.com/dulangaweerakoon/images_mturk_pickplace/master/dist1/Configuration_9_v2.png
Pick up the blue block that is farthest to the right.,https://raw.githubusercontent.com/dulangaweerakoon/images_mturk_pickplace/master/dist1/Configuration_14_v1.png
Grab the orange block that is isolated from all the other blocks.,https://raw.githubusercontent.com/dulangaweerakoon/images_mturk_pickplace/master/dist1/Configuration_10_v1.png
Pick up the green block that is before the two orange blocks.,https://raw.githubusercontent.com/dulangaweerakoon/images_mturk_pickplace/master/dist1/Configuration_6_v2.png
Pick up the blue block directly to the left of the orange block at the bottom left side of the table.,https://raw.githubusercontent.com/dulangaweerakoon/images_mturk_pickplace/master/dist1/Configuration_2_v1.png
Pick up the green block that is next to the two blue blocks,https://raw.githubusercontent.com/dulangaweerakoon/images_mturk_pickplace/master/dist1/Configuration_3_v2.png
Pick up the blue block in front of the yellow block to your left,https://raw.githubusercontent.com/dulangaweerakoon/images_mturk_pickplace/master/dist1/Configuration_7_v1.png
Pick up the blue box directly behind the green box that is closest to you.,https://raw.githubusercontent.com/dulangaweerakoon/images_mturk_pickplace/master/dist1/Configuration_14_v2.png
Pick up the blue block that is closest to me on your right.,https://raw.githubusercontent.com/dulangaweerakoon/images_mturk_pickplace/master/dist1/Configuration_12_v2.png
Pick up the first green block very near to you.,https://raw.githubusercontent.com/dulangaweerakoon/images_mturk_pickplace/master/dist1/Configuration_9_v2.png
Please pick up the green block located center most in the table.,https://raw.githubusercontent.com/dulangaweerakoon/images_mturk_pickplace/master/dist1/Configuration_8_v2.png
"There is a bunch of blocks together. At the top, grab the one at the most top in the middle.",https://raw.githubusercontent.com/dulangaweerakoon/images_mturk_pickplace/master/dist1/Configuration_5_v2.png
Lift your right hand and put it over the table. i will guide you as to what direction and when to pick up an object. The object is the second block.,https://raw.githubusercontent.com/dulangaweerakoon/images_mturk_pickplace/master/dist1/Configuration_14_v2.png
you want a yellow that will be after and orange and a yellow one on your right hand side.,https://raw.githubusercontent.com/dulangaweerakoon/images_mturk_pickplace/master/dist1/Configuration_4_v2.png
"Pick up the block that is the closest to the one right in your direct line of sight. So look straight in front and notice the block that you see first, the block you want to pick up is the one closest to it.",https://raw.githubusercontent.com/dulangaweerakoon/images_mturk_pickplace/master/dist1/Configuration_11_v2.png
Pick up the orange block closest to you.,https://raw.githubusercontent.com/dulangaweerakoon/images_mturk_pickplace/master/dist1/Configuration_13_v1.png
Look for 3 green block that are all touching in a row. Pick up the middle one of those 3 blocks.,https://raw.githubusercontent.com/dulangaweerakoon/images_mturk_pickplace/master/dist1/Configuration_8_v1.png
"Pick up the orange block that on your left side, all alone and furthest away from you.",https://raw.githubusercontent.com/dulangaweerakoon/images_mturk_pickplace/master/dist1/Configuration_10_v1.png
Pick up the green block that is closest to you.,https://raw.githubusercontent.com/dulangaweerakoon/images_mturk_pickplace/master/dist1/Configuration_9_v2.png
"pick the yellow block, third from the left",https://raw.githubusercontent.com/dulangaweerakoon/images_mturk_pickplace/master/dist1/Configuration_13_v2.png
Please pick up the green block that is positioned closest to you.,https://raw.githubusercontent.com/dulangaweerakoon/images_mturk_pickplace/master/dist1/Configuration_9_v2.png
"I would tell the robot to pick up the green block that is in front of me, standing on its own",https://raw.githubusercontent.com/dulangaweerakoon/images_mturk_pickplace/master/dist1/Configuration_1_v2.png
You want the orange one closest to you in the grouping of the three.,https://raw.githubusercontent.com/dulangaweerakoon/images_mturk_pickplace/master/dist1/Configuration_13_v1.png
the yellow block second closest to me touching the blue block furthest to the right,https://raw.githubusercontent.com/dulangaweerakoon/images_mturk_pickplace/master/dist1/Configuration_4_v1.png
Grab the blue block on your left.,https://raw.githubusercontent.com/dulangaweerakoon/images_mturk_pickplace/master/dist1/Configuration_7_v1.png
"Raise your left hand in the air, slide it to your right, towards the center of your chest area reach directly across the table, and touch the blue block that is towards the end of the other side of the table, just in front  of and beside the orange and green block respectively.",https://raw.githubusercontent.com/dulangaweerakoon/images_mturk_pickplace/master/dist1/Configuration_12_v1.png
Grab the blue block that is the farthest away from you.,https://raw.githubusercontent.com/dulangaweerakoon/images_mturk_pickplace/master/dist1/Configuration_12_v2.png
the isolated orange block on the corner,https://raw.githubusercontent.com/dulangaweerakoon/images_mturk_pickplace/master/dist1/Configuration_10_v1.png
Pick up the rightmost blue block.,https://raw.githubusercontent.com/dulangaweerakoon/images_mturk_pickplace/master/dist1/Configuration_14_v1.png
Pick up the bottom green block on your left.,https://raw.githubusercontent.com/dulangaweerakoon/images_mturk_pickplace/master/dist1/Configuration_7_v2.png
pick up the blue block that is second to the farthest left.,https://raw.githubusercontent.com/dulangaweerakoon/images_mturk_pickplace/master/dist1/Configuration_2_v1.png
Pick up the green block that is nearest to me.,https://raw.githubusercontent.com/dulangaweerakoon/images_mturk_pickplace/master/dist1/Configuration_9_v1.png
Pick up the orange block farthest away from you.,https://raw.githubusercontent.com/dulangaweerakoon/images_mturk_pickplace/master/dist1/Configuration_5_v1.png
Pick up the blue block on the left side.,https://raw.githubusercontent.com/dulangaweerakoon/images_mturk_pickplace/master/dist1/Configuration_7_v1.png
Pick up the blue block closest to you.,https://raw.githubusercontent.com/dulangaweerakoon/images_mturk_pickplace/master/dist1/Configuration_7_v1.png
Pick up the green block near the center that is closely sandwiched between two other green blocks.,https://raw.githubusercontent.com/dulangaweerakoon/images_mturk_pickplace/master/dist1/Configuration_8_v1.png
Pick up the green block closest to you.,https://raw.githubusercontent.com/dulangaweerakoon/images_mturk_pickplace/master/dist1/Configuration_3_v1.png
Pick up the yellow block,https://raw.githubusercontent.com/dulangaweerakoon/images_mturk_pickplace/master/dist1/Configuration_1_v1.png
"In front of me, to my right, are two green blocks. Pick up the first green block you see.",https://raw.githubusercontent.com/dulangaweerakoon/images_mturk_pickplace/master/dist1/Configuration_7_v2.png
Pick up the blue block that is together with the other blue block and is towards the inside.,https://raw.githubusercontent.com/dulangaweerakoon/images_mturk_pickplace/master/dist1/Configuration_2_v2.png
blue block furthest at the bottom right below yellow block.,https://raw.githubusercontent.com/dulangaweerakoon/images_mturk_pickplace/master/dist1/Configuration_12_v2.png
Pick up the yellow block which is between two yellow blocks and beside a blue block.,https://raw.githubusercontent.com/dulangaweerakoon/images_mturk_pickplace/master/dist1/Configuration_4_v2.png
"Pick up the green block on your left side, in front of the furthest blue block.",https://raw.githubusercontent.com/dulangaweerakoon/images_mturk_pickplace/master/dist1/Configuration_3_v2.png
Pick up the orange block furthest from you.,https://raw.githubusercontent.com/dulangaweerakoon/images_mturk_pickplace/master/dist1/Configuration_10_v1.png
Pick up the orange block that is closest to you.,https://raw.githubusercontent.com/dulangaweerakoon/images_mturk_pickplace/master/dist1/Configuration_10_v2.png
Pick up the green block that is behind the two green blocks closest to you on your left.,https://raw.githubusercontent.com/dulangaweerakoon/images_mturk_pickplace/master/dist1/Configuration_6_v1.png
the blue block that is the closest to you,https://raw.githubusercontent.com/dulangaweerakoon/images_mturk_pickplace/master/dist1/Configuration_11_v2.png
Look for a green block. Pick up the green block that is closest to you.,https://raw.githubusercontent.com/dulangaweerakoon/images_mturk_pickplace/master/dist1/Configuration_3_v1.png
pick up the first green block in front of you,https://raw.githubusercontent.com/dulangaweerakoon/images_mturk_pickplace/master/dist1/Configuration_9_v2.png
"There is a cluster of three green blocks that has 3 blue blocks nearby. In that cluster of green blocks, pick the one that is in the center.",https://raw.githubusercontent.com/dulangaweerakoon/images_mturk_pickplace/master/dist1/Configuration_8_v1.png
pick up the second block up on your far right side,https://raw.githubusercontent.com/dulangaweerakoon/images_mturk_pickplace/master/dist1/Configuration_4_v2.png
Pick up the orange block that is the farthest away from you on your left side.,https://raw.githubusercontent.com/dulangaweerakoon/images_mturk_pickplace/master/dist1/Configuration_10_v1.png
Grab the green block closest to you.,https://raw.githubusercontent.com/dulangaweerakoon/images_mturk_pickplace/master/dist1/Configuration_9_v1.png
Pick up the yellow block that is closest to me.,https://raw.githubusercontent.com/dulangaweerakoon/images_mturk_pickplace/master/dist1/Configuration_5_v2.png
On your right side there is a blue block sitting next to a yellow. No other blocks are touching them. Pick up this blue block.,https://raw.githubusercontent.com/dulangaweerakoon/images_mturk_pickplace/master/dist1/Configuration_14_v1.png
"Pick up the green block that is closest to me, between the yellow and  orange blocks.",https://raw.githubusercontent.com/dulangaweerakoon/images_mturk_pickplace/master/dist1/Configuration_9_v1.png
Pick up the only yellow block on the table.,https://raw.githubusercontent.com/dulangaweerakoon/images_mturk_pickplace/master/dist1/Configuration_1_v1.png
"There is a group of green blocks on your left and one green block on your right. Ignore those, and grab the green block that falls in the center, almost touching the orange block.",https://raw.githubusercontent.com/dulangaweerakoon/images_mturk_pickplace/master/dist1/Configuration_6_v2.png
There is a block in the right side of the table. Lift your right hand and put it over the table. i will guide you as to what direction and when to pick up the block. It is the 2nd block in.,https://raw.githubusercontent.com/dulangaweerakoon/images_mturk_pickplace/master/dist1/Configuration_11_v2.png
Pick up the yellow block that is between the green block and the blue block.,https://raw.githubusercontent.com/dulangaweerakoon/images_mturk_pickplace/master/dist1/Configuration_11_v1.png
Pick up the green block that is directly behind the farthest yellow block from you.,https://raw.githubusercontent.com/dulangaweerakoon/images_mturk_pickplace/master/dist1/Configuration_8_v2.png
There is a block farthest to your right. Grab the one diagonally to the left of it.,https://raw.githubusercontent.com/dulangaweerakoon/images_mturk_pickplace/master/dist1/Configuration_11_v2.png
the green block on my right that is pushed right up against another green block,https://raw.githubusercontent.com/dulangaweerakoon/images_mturk_pickplace/master/dist1/Configuration_8_v1.png
pick up the green block closest to you on your right.,https://raw.githubusercontent.com/dulangaweerakoon/images_mturk_pickplace/master/dist1/Configuration_1_v2.png
Pick up the blue block that is the farthest to your right.,https://raw.githubusercontent.com/dulangaweerakoon/images_mturk_pickplace/master/dist1/Configuration_14_v1.png
pick up the green block closest to me,https://raw.githubusercontent.com/dulangaweerakoon/images_mturk_pickplace/master/dist1/Configuration_9_v1.png
Pick up the green block closest to me.,https://raw.githubusercontent.com/dulangaweerakoon/images_mturk_pickplace/master/dist1/Configuration_3_v2.png
Pick up the blue block closest to you,https://raw.githubusercontent.com/dulangaweerakoon/images_mturk_pickplace/master/dist1/Configuration_11_v2.png
Pick up the orange block that is closest to you; it is directly between the yellow and blue blocks.,https://raw.githubusercontent.com/dulangaweerakoon/images_mturk_pickplace/master/dist1/Configuration_10_v2.png
Pick up the orange block that is on the outside of the 2 orange blocks that are together.,https://raw.githubusercontent.com/dulangaweerakoon/images_mturk_pickplace/master/dist1/Configuration_5_v1.png
Pick up the blue block on the left.,https://raw.githubusercontent.com/dulangaweerakoon/images_mturk_pickplace/master/dist1/Configuration_7_v1.png
grab the blue block that is right in front of the orange block .,https://raw.githubusercontent.com/dulangaweerakoon/images_mturk_pickplace/master/dist1/Configuration_2_v2.png
Pick up the middle blue block closest to you.,https://raw.githubusercontent.com/dulangaweerakoon/images_mturk_pickplace/master/dist1/Configuration_14_v2.png
There are three blue blocks close to you on the left side of the table - pick up the one that's directly between two other ones.,https://raw.githubusercontent.com/dulangaweerakoon/images_mturk_pickplace/master/dist1/Configuration_2_v1.png
Pick up the blue block that's next to a green block.,https://raw.githubusercontent.com/dulangaweerakoon/images_mturk_pickplace/master/dist1/Configuration_7_v1.png
pick up right arm and go to the middle of the blocks and pick up middle block.,https://raw.githubusercontent.com/dulangaweerakoon/images_mturk_pickplace/master/dist1/Configuration_8_v2.png
Pick up the orange block that is furthest from you and closest to me. There are no other blocks near this orange block.,https://raw.githubusercontent.com/dulangaweerakoon/images_mturk_pickplace/master/dist1/Configuration_10_v1.png
Pick up the yellow block next to the green block farthest to your left.,https://raw.githubusercontent.com/dulangaweerakoon/images_mturk_pickplace/master/dist1/Configuration_11_v1.png
Pick up the green block that is closest in front of you and on your right side.,https://raw.githubusercontent.com/dulangaweerakoon/images_mturk_pickplace/master/dist1/Configuration_1_v2.png
please pick up the orange block on top of the 2 bottom ones,https://raw.githubusercontent.com/dulangaweerakoon/images_mturk_pickplace/master/dist1/Configuration_13_v1.png
"On your left side, pick up the blue block that is directly to the left of the orange block.",https://raw.githubusercontent.com/dulangaweerakoon/images_mturk_pickplace/master/dist1/Configuration_2_v1.png
There are two blue block in the center of the table.  Please pick up the blue block of these two that is closest to you.,https://raw.githubusercontent.com/dulangaweerakoon/images_mturk_pickplace/master/dist1/Configuration_14_v2.png
Pick up the solitary orange block closest to me,https://raw.githubusercontent.com/dulangaweerakoon/images_mturk_pickplace/master/dist1/Configuration_10_v1.png
"There is a cluster of 3 green blocks on your right, pick up the single green block that is not a part of that cluster.",https://raw.githubusercontent.com/dulangaweerakoon/images_mturk_pickplace/master/dist1/Configuration_9_v1.png
Pick up the green block closest to you.,https://raw.githubusercontent.com/dulangaweerakoon/images_mturk_pickplace/master/dist1/Configuration_9_v2.png
Pick up the orange block on the left corner,https://raw.githubusercontent.com/dulangaweerakoon/images_mturk_pickplace/master/dist1/Configuration_5_v1.png
moving towards me pick up the second yellow block on your left,https://raw.githubusercontent.com/dulangaweerakoon/images_mturk_pickplace/master/dist1/Configuration_11_v1.png
The block is on the bottom right. It is in the middle of the block on the farthest right and the one next to it.,https://raw.githubusercontent.com/dulangaweerakoon/images_mturk_pickplace/master/dist1/Configuration_3_v2.png
See the 3 green blocks in the center of the table? They are lined up almost side by side? Choose the green block that is in the middle of those three.,https://raw.githubusercontent.com/dulangaweerakoon/images_mturk_pickplace/master/dist1/Configuration_8_v1.png
Pick up the green block that is farthest away from you and on the left.,https://raw.githubusercontent.com/dulangaweerakoon/images_mturk_pickplace/master/dist1/Configuration_9_v1.png
Pick up the blue block that is in front of the orange block.,https://raw.githubusercontent.com/dulangaweerakoon/images_mturk_pickplace/master/dist1/Configuration_2_v1.png
Pick up the orange block that is the closest to you of the three orange blocks.,https://raw.githubusercontent.com/dulangaweerakoon/images_mturk_pickplace/master/dist1/Configuration_13_v1.png
pick up the yellow block,https://raw.githubusercontent.com/dulangaweerakoon/images_mturk_pickplace/master/dist1/Configuration_1_v1.png
"Pick up the left most blue block, which is also touching a green block.",https://raw.githubusercontent.com/dulangaweerakoon/images_mturk_pickplace/master/dist1/Configuration_7_v1.png
pick up the farthest away green block,https://raw.githubusercontent.com/dulangaweerakoon/images_mturk_pickplace/master/dist1/Configuration_3_v2.png
Pick up the orange block at the back of the group of 3 orange blocks.,https://raw.githubusercontent.com/dulangaweerakoon/images_mturk_pickplace/master/dist1/Configuration_5_v1.png
Pick up the blue block that is directly behind the green block.,https://raw.githubusercontent.com/dulangaweerakoon/images_mturk_pickplace/master/dist1/Configuration_14_v2.png
Pick up the blue block that is above a green block and below another blue block.,https://raw.githubusercontent.com/dulangaweerakoon/images_mturk_pickplace/master/dist1/Configuration_14_v2.png
pick up the blue block that is closest to me on your right,https://raw.githubusercontent.com/dulangaweerakoon/images_mturk_pickplace/master/dist1/Configuration_12_v2.png
pick up the first green block on your left,https://raw.githubusercontent.com/dulangaweerakoon/images_mturk_pickplace/master/dist1/Configuration_7_v2.png
Take the green block that has a yellow block behind it.,https://raw.githubusercontent.com/dulangaweerakoon/images_mturk_pickplace/master/dist1/Configuration_8_v2.png
"Pick up the closest orange block that you see in front of you. There are three orange blocks total, you want to the one  that is more closer to you than the other.",https://raw.githubusercontent.com/dulangaweerakoon/images_mturk_pickplace/master/dist1/Configuration_13_v1.png
"Put your left hand on the table and slide it forward,i will tell you when to stop and the I want you to pick up a block",https://raw.githubusercontent.com/dulangaweerakoon/images_mturk_pickplace/master/dist1/Configuration_3_v2.png
Pick up the furthest away green block.,https://raw.githubusercontent.com/dulangaweerakoon/images_mturk_pickplace/master/dist1/Configuration_3_v2.png
Find the orange block closest to you. Pick up the yellow block just behind the yellow block behind that orange block.,https://raw.githubusercontent.com/dulangaweerakoon/images_mturk_pickplace/master/dist1/Configuration_4_v2.png
green block in the middle of all the other blocks and surrounded by more green blocks,https://raw.githubusercontent.com/dulangaweerakoon/images_mturk_pickplace/master/dist1/Configuration_8_v1.png
Grab the singular green block that is in between two sets of double green blocks.,https://raw.githubusercontent.com/dulangaweerakoon/images_mturk_pickplace/master/dist1/Configuration_6_v1.png
Pick up the green block closest to you on your left,https://raw.githubusercontent.com/dulangaweerakoon/images_mturk_pickplace/master/dist1/Configuration_7_v2.png
From your perspective pick the blue block that is farthest right.,https://raw.githubusercontent.com/dulangaweerakoon/images_mturk_pickplace/master/dist1/Configuration_14_v1.png
Pick up the blue block that's second furthest away from you.,https://raw.githubusercontent.com/dulangaweerakoon/images_mturk_pickplace/master/dist1/Configuration_12_v1.png
I would them to pick up the block on their left corner.,https://raw.githubusercontent.com/dulangaweerakoon/images_mturk_pickplace/master/dist1/Configuration_10_v1.png
Grab the furthest most top green block.,https://raw.githubusercontent.com/dulangaweerakoon/images_mturk_pickplace/master/dist1/Configuration_1_v2.png
pick the orange block closest to you.,https://raw.githubusercontent.com/dulangaweerakoon/images_mturk_pickplace/master/dist1/Configuration_13_v1.png
"This block is the second purple block that you will see, as you look from your left in- if you were to look from left to right.",https://raw.githubusercontent.com/dulangaweerakoon/images_mturk_pickplace/master/dist1/Configuration_2_v1.png
please pick up the green block in the middle that has two orange ones underneath,https://raw.githubusercontent.com/dulangaweerakoon/images_mturk_pickplace/master/dist1/Configuration_6_v2.png
Take the blue block that touches the orange block.,https://raw.githubusercontent.com/dulangaweerakoon/images_mturk_pickplace/master/dist1/Configuration_2_v1.png
Pick up the green block that is alone and closest to you.,https://raw.githubusercontent.com/dulangaweerakoon/images_mturk_pickplace/master/dist1/Configuration_1_v2.png
Pick up the orange block on the far right,https://raw.githubusercontent.com/dulangaweerakoon/images_mturk_pickplace/master/dist1/Configuration_5_v1.png
Grab the closest green block to you.,https://raw.githubusercontent.com/dulangaweerakoon/images_mturk_pickplace/master/dist1/Configuration_3_v1.png
pick up the lower middle blue block just above the green block,https://raw.githubusercontent.com/dulangaweerakoon/images_mturk_pickplace/master/dist1/Configuration_14_v2.png
green block closest to you,https://raw.githubusercontent.com/dulangaweerakoon/images_mturk_pickplace/master/dist1/Configuration_9_v2.png
"Raise your left hand in the air, reach directly across the table in front of you and touch the third yellow block, the one that is directly adjacent to the blue block on the left.",https://raw.githubusercontent.com/dulangaweerakoon/images_mturk_pickplace/master/dist1/Configuration_4_v1.png
"pick up the green block on the top right, under the blue blocks",https://raw.githubusercontent.com/dulangaweerakoon/images_mturk_pickplace/master/dist1/Configuration_3_v2.png
Grab the yellow block that is the farthest away from you.,https://raw.githubusercontent.com/dulangaweerakoon/images_mturk_pickplace/master/dist1/Configuration_5_v2.png
There is a block in the right side of the table. Lift your right hand and put it over the table. i will guide you as to what direction and when to pick up the block,https://raw.githubusercontent.com/dulangaweerakoon/images_mturk_pickplace/master/dist1/Configuration_4_v1.png
Pick up the blue block that is next to the two green blocks,https://raw.githubusercontent.com/dulangaweerakoon/images_mturk_pickplace/master/dist1/Configuration_7_v1.png
Pick up the yellow box to your right.,https://raw.githubusercontent.com/dulangaweerakoon/images_mturk_pickplace/master/dist1/Configuration_1_v1.png
Pick up the leftmost green block.,https://raw.githubusercontent.com/dulangaweerakoon/images_mturk_pickplace/master/dist1/Configuration_7_v2.png
Pick up the blue block above the bottom most yellow block,https://raw.githubusercontent.com/dulangaweerakoon/images_mturk_pickplace/master/dist1/Configuration_7_v1.png
Pick up the 2nd green block from your left.,https://raw.githubusercontent.com/dulangaweerakoon/images_mturk_pickplace/master/dist1/Configuration_6_v2.png
From your perspective i would pick the farthest blue cube. The one that reaches the farthest.,https://raw.githubusercontent.com/dulangaweerakoon/images_mturk_pickplace/master/dist1/Configuration_12_v2.png
Choose the orange block that is closest to you.,https://raw.githubusercontent.com/dulangaweerakoon/images_mturk_pickplace/master/dist1/Configuration_10_v2.png
From your left to your right ignore the first four yellow blocks. Ignore the three yellow blocks closest to me that are remaining. Ignore the one yellow block closest to you and pick up the remaining yellow block.,https://raw.githubusercontent.com/dulangaweerakoon/images_mturk_pickplace/master/dist1/Configuration_4_v2.png
Pick up the green block closest to you.,https://raw.githubusercontent.com/dulangaweerakoon/images_mturk_pickplace/master/dist1/Configuration_3_v1.png
Pick up the green block that is farther from you  than the other green block.,https://raw.githubusercontent.com/dulangaweerakoon/images_mturk_pickplace/master/dist1/Configuration_3_v2.png
Pick up the blue block that is in front of a single blue block. The block is directly in front of you.,https://raw.githubusercontent.com/dulangaweerakoon/images_mturk_pickplace/master/dist1/Configuration_14_v2.png
Please pick up the only yellow block on the table.,https://raw.githubusercontent.com/dulangaweerakoon/images_mturk_pickplace/master/dist1/Configuration_1_v1.png
Look at the table and pick up the green block that is furthest to the right.,https://raw.githubusercontent.com/dulangaweerakoon/images_mturk_pickplace/master/dist1/Configuration_3_v2.png
Pick up the only green block to your left.,https://raw.githubusercontent.com/dulangaweerakoon/images_mturk_pickplace/master/dist1/Configuration_3_v2.png
Pick up the green block that is directly in front of the two side by side orange blocks.,https://raw.githubusercontent.com/dulangaweerakoon/images_mturk_pickplace/master/dist1/Configuration_6_v2.png
"Pick up the green block that is in the middle, next to the orange blocks",https://raw.githubusercontent.com/dulangaweerakoon/images_mturk_pickplace/master/dist1/Configuration_6_v2.png
Pickup the orange block that is the farthest away.,https://raw.githubusercontent.com/dulangaweerakoon/images_mturk_pickplace/master/dist1/Configuration_10_v1.png
Pick up ht blue block to the bottom left of the rightmost yellow block.,https://raw.githubusercontent.com/dulangaweerakoon/images_mturk_pickplace/master/dist1/Configuration_11_v2.png
"In front of me are three orange blocks. Pick up the one in the middle, the one closest to you.",https://raw.githubusercontent.com/dulangaweerakoon/images_mturk_pickplace/master/dist1/Configuration_13_v1.png
Pick up the second yellow block on the left side,https://raw.githubusercontent.com/dulangaweerakoon/images_mturk_pickplace/master/dist1/Configuration_11_v1.png
Pick up the blue block furthest to your right.,https://raw.githubusercontent.com/dulangaweerakoon/images_mturk_pickplace/master/dist1/Configuration_14_v1.png
Narrow search to only yellow blocks. Find the only yellow block in the pile. Pick it up.,https://raw.githubusercontent.com/dulangaweerakoon/images_mturk_pickplace/master/dist1/Configuration_1_v1.png
I would ask them to pick up the block in front of them to their top left corner.,https://raw.githubusercontent.com/dulangaweerakoon/images_mturk_pickplace/master/dist1/Configuration_3_v2.png
Pick up the yellow block next to the rightmost blue block.,https://raw.githubusercontent.com/dulangaweerakoon/images_mturk_pickplace/master/dist1/Configuration_4_v1.png
grab the green block in the center of all the blocks.,https://raw.githubusercontent.com/dulangaweerakoon/images_mturk_pickplace/master/dist1/Configuration_6_v2.png
Pick up the yellow block that is directly to the right of a green block.,https://raw.githubusercontent.com/dulangaweerakoon/images_mturk_pickplace/master/dist1/Configuration_13_v2.png
All the way to your left is a green block with another green block behind it. Pick up the green block in front of the farthest green one.,https://raw.githubusercontent.com/dulangaweerakoon/images_mturk_pickplace/master/dist1/Configuration_7_v2.png
Pick up the center blue block on your left.,https://raw.githubusercontent.com/dulangaweerakoon/images_mturk_pickplace/master/dist1/Configuration_2_v1.png
"Of the two parallel green blocks, pick up the leftmost of them.",https://raw.githubusercontent.com/dulangaweerakoon/images_mturk_pickplace/master/dist1/Configuration_8_v1.png
On the left side of the table there is a small grouping of 3 blue blocks. Pick the one that is the rightmost in that group.,https://raw.githubusercontent.com/dulangaweerakoon/images_mturk_pickplace/master/dist1/Configuration_2_v2.png
Pick the yellow block that is touching the other yellow block that is directly between the orange and blue blocks to your right.,https://raw.githubusercontent.com/dulangaweerakoon/images_mturk_pickplace/master/dist1/Configuration_4_v2.png
Pick up the block on your right side thats in the second row.,https://raw.githubusercontent.com/dulangaweerakoon/images_mturk_pickplace/master/dist1/Configuration_2_v2.png
"On your left hand side there is 5 green blocks pretty close together. Two toward you, one in the middle, then two away from you. Please select the one in the middle.",https://raw.githubusercontent.com/dulangaweerakoon/images_mturk_pickplace/master/dist1/Configuration_6_v1.png
Pick the second block from the left.,https://raw.githubusercontent.com/dulangaweerakoon/images_mturk_pickplace/master/dist1/Configuration_6_v2.png
Pick up the blue block furthest to the left.,https://raw.githubusercontent.com/dulangaweerakoon/images_mturk_pickplace/master/dist1/Configuration_7_v1.png
You are to pick up a yellow block. It is on your right side and is above and touching a blue block. It is the lower of the two yellow blocks that are just below the single yellow block that is furthest away from you.,https://raw.githubusercontent.com/dulangaweerakoon/images_mturk_pickplace/master/dist1/Configuration_4_v1.png
"Look at the green block in front of you. Do not grab that, but reach for the blue block that is on the other side of it, closest to me.",https://raw.githubusercontent.com/dulangaweerakoon/images_mturk_pickplace/master/dist1/Configuration_14_v2.png
From your perspective i would choose the second blue block to the left.,https://raw.githubusercontent.com/dulangaweerakoon/images_mturk_pickplace/master/dist1/Configuration_2_v1.png
Pickup the blue block that is farthest right.,https://raw.githubusercontent.com/dulangaweerakoon/images_mturk_pickplace/master/dist1/Configuration_14_v1.png
Pick up the green block that is below another green block.,https://raw.githubusercontent.com/dulangaweerakoon/images_mturk_pickplace/master/dist1/Configuration_7_v2.png
Pick up the green block at the top left portion of the blocks.,https://raw.githubusercontent.com/dulangaweerakoon/images_mturk_pickplace/master/dist1/Configuration_3_v2.png
Pick up the block on your right side thats in the middle row.,https://raw.githubusercontent.com/dulangaweerakoon/images_mturk_pickplace/master/dist1/Configuration_4_v2.png
Pick up the green block located between the two orange blocks and the two blue blocks towards the front left side.,https://raw.githubusercontent.com/dulangaweerakoon/images_mturk_pickplace/master/dist1/Configuration_3_v2.png
Pick up the yellow block furthest away from you.,https://raw.githubusercontent.com/dulangaweerakoon/images_mturk_pickplace/master/dist1/Configuration_5_v2.png
Grab the yellow block third from your right,https://raw.githubusercontent.com/dulangaweerakoon/images_mturk_pickplace/master/dist1/Configuration_4_v1.png
Pick up the block all the way to your right.,https://raw.githubusercontent.com/dulangaweerakoon/images_mturk_pickplace/master/dist1/Configuration_11_v2.png
pick the lowest green block,https://raw.githubusercontent.com/dulangaweerakoon/images_mturk_pickplace/master/dist1/Configuration_1_v2.png
I would ask them to lift the block thats directly in front of them.,https://raw.githubusercontent.com/dulangaweerakoon/images_mturk_pickplace/master/dist1/Configuration_5_v1.png
Pick up the green block that is behind the yellow block closest to me.,https://raw.githubusercontent.com/dulangaweerakoon/images_mturk_pickplace/master/dist1/Configuration_8_v2.png
Pick up the green block in the center of the group of 3 green blocks on your right.,https://raw.githubusercontent.com/dulangaweerakoon/images_mturk_pickplace/master/dist1/Configuration_8_v1.png
Pick up the green block on your left.,https://raw.githubusercontent.com/dulangaweerakoon/images_mturk_pickplace/master/dist1/Configuration_3_v2.png
Grab the orange block that is closest to me.,https://raw.githubusercontent.com/dulangaweerakoon/images_mturk_pickplace/master/dist1/Configuration_10_v2.png
Pick up the green block on the left side of the table that is farthest away from you.,https://raw.githubusercontent.com/dulangaweerakoon/images_mturk_pickplace/master/dist1/Configuration_9_v1.png
Pick up the blue block that is in the middle and directly behind the green block and in front of another blue block.,https://raw.githubusercontent.com/dulangaweerakoon/images_mturk_pickplace/master/dist1/Configuration_14_v2.png
Pick up the orange block that is farthest away from you and to the left.,https://raw.githubusercontent.com/dulangaweerakoon/images_mturk_pickplace/master/dist1/Configuration_5_v1.png
pick up the only yellow block,https://raw.githubusercontent.com/dulangaweerakoon/images_mturk_pickplace/master/dist1/Configuration_1_v1.png
grab the orange block that is right above the furthest most orange block on the left.,https://raw.githubusercontent.com/dulangaweerakoon/images_mturk_pickplace/master/dist1/Configuration_13_v1.png
pick up the green block that is closest to you,https://raw.githubusercontent.com/dulangaweerakoon/images_mturk_pickplace/master/dist1/Configuration_3_v1.png
Look for a green block. Look for a green block that is very close to another green block. The green blocks should look like they combine to form a rectangle. Pick up the left most block of those two.,https://raw.githubusercontent.com/dulangaweerakoon/images_mturk_pickplace/master/dist1/Configuration_8_v1.png
pick up the green cube closest to you that's just behind the yellow cube.,https://raw.githubusercontent.com/dulangaweerakoon/images_mturk_pickplace/master/dist1/Configuration_3_v1.png
Pick up the yellow block furthest from you.,https://raw.githubusercontent.com/dulangaweerakoon/images_mturk_pickplace/master/dist1/Configuration_5_v2.png
grab the closest green block,https://raw.githubusercontent.com/dulangaweerakoon/images_mturk_pickplace/master/dist1/Configuration_3_v1.png
please pick up the blue block on the left,https://raw.githubusercontent.com/dulangaweerakoon/images_mturk_pickplace/master/dist1/Configuration_11_v2.png
Pick up the furthest yellow block.,https://raw.githubusercontent.com/dulangaweerakoon/images_mturk_pickplace/master/dist1/Configuration_5_v2.png
Pick up the orange block farthest away from you.,https://raw.githubusercontent.com/dulangaweerakoon/images_mturk_pickplace/master/dist1/Configuration_5_v1.png
Pick up the blue block that is next to the green block.,https://raw.githubusercontent.com/dulangaweerakoon/images_mturk_pickplace/master/dist1/Configuration_7_v1.png
Pick up the green block furthest from you.,https://raw.githubusercontent.com/dulangaweerakoon/images_mturk_pickplace/master/dist1/Configuration_9_v1.png
pick up left arm and pick up block 2nd from the back.,https://raw.githubusercontent.com/dulangaweerakoon/images_mturk_pickplace/master/dist1/Configuration_3_v2.png
Take the green block that is closest to you.,https://raw.githubusercontent.com/dulangaweerakoon/images_mturk_pickplace/master/dist1/Configuration_1_v2.png
Grab the green block at the very top right above yellow block.,https://raw.githubusercontent.com/dulangaweerakoon/images_mturk_pickplace/master/dist1/Configuration_9_v2.png
Pick up the next to farthest away green block,https://raw.githubusercontent.com/dulangaweerakoon/images_mturk_pickplace/master/dist1/Configuration_7_v2.png
Pick up the blue block furthest from you in the center of the table,https://raw.githubusercontent.com/dulangaweerakoon/images_mturk_pickplace/master/dist1/Configuration_12_v2.png
Locate the two blue blocks closest to the orange block found on the southern side of the table. Next pick up the blue block located to the north of that orange block.,https://raw.githubusercontent.com/dulangaweerakoon/images_mturk_pickplace/master/dist1/Configuration_2_v2.png
pick up the first green block on your right side,https://raw.githubusercontent.com/dulangaweerakoon/images_mturk_pickplace/master/dist1/Configuration_9_v2.png
Pick up the blue block that is directly to the right of the furthest yellow block on your left.,https://raw.githubusercontent.com/dulangaweerakoon/images_mturk_pickplace/master/dist1/Configuration_2_v2.png
All the way to the left and farthest away from you is an orange block. Pick it up.,https://raw.githubusercontent.com/dulangaweerakoon/images_mturk_pickplace/master/dist1/Configuration_10_v1.png
Pick up the centre green block in the three green block set.,https://raw.githubusercontent.com/dulangaweerakoon/images_mturk_pickplace/master/dist1/Configuration_8_v1.png
Pick the green block in the middle of the horizontal line of green blocks.,https://raw.githubusercontent.com/dulangaweerakoon/images_mturk_pickplace/master/dist1/Configuration_8_v1.png
pick up right arm and pick up 2nd block from the back.,https://raw.githubusercontent.com/dulangaweerakoon/images_mturk_pickplace/master/dist1/Configuration_13_v1.png
You are to pick up the green block on your left side. It is below the green block that stands alone and furthest away and is touching a blue block.,https://raw.githubusercontent.com/dulangaweerakoon/images_mturk_pickplace/master/dist1/Configuration_7_v2.png
"Looking at the table, you are to pick up the green block that is closest to your end of the table.",https://raw.githubusercontent.com/dulangaweerakoon/images_mturk_pickplace/master/dist1/Configuration_9_v1.png
Pick up the green block that is between the green block and the blue block and behind the yellow block.,https://raw.githubusercontent.com/dulangaweerakoon/images_mturk_pickplace/master/dist1/Configuration_8_v2.png
yellow block in the back surrounded by orange blocks,https://raw.githubusercontent.com/dulangaweerakoon/images_mturk_pickplace/master/dist1/Configuration_5_v2.png
grab the yellow block.,https://raw.githubusercontent.com/dulangaweerakoon/images_mturk_pickplace/master/dist1/Configuration_1_v1.png
Pick up the green block that is below two orange blocks in a line.,https://raw.githubusercontent.com/dulangaweerakoon/images_mturk_pickplace/master/dist1/Configuration_6_v2.png
"Pick up the green block in the center that is in front of the yellow block, and next to the blue block.",https://raw.githubusercontent.com/dulangaweerakoon/images_mturk_pickplace/master/dist1/Configuration_8_v2.png
"Find the cluster of yellow blocks on your right.  Pick up the yellow block that lays directly on the left side of the blue block, at a slight upward angle from the edge of the desk.",https://raw.githubusercontent.com/dulangaweerakoon/images_mturk_pickplace/master/dist1/Configuration_4_v1.png
Pick up the first green block near you.,https://raw.githubusercontent.com/dulangaweerakoon/images_mturk_pickplace/master/dist1/Configuration_1_v2.png
Pick up the blue block to your right.,https://raw.githubusercontent.com/dulangaweerakoon/images_mturk_pickplace/master/dist1/Configuration_11_v2.png
Pick up the second green block from the top,https://raw.githubusercontent.com/dulangaweerakoon/images_mturk_pickplace/master/dist1/Configuration_7_v2.png
Find the one group of two orange blocks. Pick up the green block in front of those orange blocks.,https://raw.githubusercontent.com/dulangaweerakoon/images_mturk_pickplace/master/dist1/Configuration_6_v2.png
Pick up the yellow block to your right that is immediately left of a blue block.,https://raw.githubusercontent.com/dulangaweerakoon/images_mturk_pickplace/master/dist1/Configuration_4_v1.png
grab the second closest yellow block on your right.,https://raw.githubusercontent.com/dulangaweerakoon/images_mturk_pickplace/master/dist1/Configuration_11_v1.png
Pick up the green block closest to you,https://raw.githubusercontent.com/dulangaweerakoon/images_mturk_pickplace/master/dist1/Configuration_3_v1.png
pick up the orange block closest to me,https://raw.githubusercontent.com/dulangaweerakoon/images_mturk_pickplace/master/dist1/Configuration_10_v1.png
Pick up the fartherest blue block. It is the one directly flanked by a yellow block.,https://raw.githubusercontent.com/dulangaweerakoon/images_mturk_pickplace/master/dist1/Configuration_12_v2.png
Pick up the only yellow block.,https://raw.githubusercontent.com/dulangaweerakoon/images_mturk_pickplace/master/dist1/Configuration_1_v1.png
Pick up the furthest away orange block.,https://raw.githubusercontent.com/dulangaweerakoon/images_mturk_pickplace/master/dist1/Configuration_10_v1.png
Narrow search for only green blocks. Look for the green block that is furthest away from you.,https://raw.githubusercontent.com/dulangaweerakoon/images_mturk_pickplace/master/dist1/Configuration_9_v1.png
Grab the orange block that is closest to you.,https://raw.githubusercontent.com/dulangaweerakoon/images_mturk_pickplace/master/dist1/Configuration_10_v2.png
Pick up the yellow block in the last row.,https://raw.githubusercontent.com/dulangaweerakoon/images_mturk_pickplace/master/dist1/Configuration_5_v2.png
Pick up the green block that has 2 yellow boxes in front of it and 2 orange blocks behind it.,https://raw.githubusercontent.com/dulangaweerakoon/images_mturk_pickplace/master/dist1/Configuration_6_v2.png
Pick up the 1st green block on your left,https://raw.githubusercontent.com/dulangaweerakoon/images_mturk_pickplace/master/dist1/Configuration_7_v2.png
Grab the right-most green block.,https://raw.githubusercontent.com/dulangaweerakoon/images_mturk_pickplace/master/dist1/Configuration_3_v2.png
Reach out and grab the third closest green block on your left side.,https://raw.githubusercontent.com/dulangaweerakoon/images_mturk_pickplace/master/dist1/Configuration_6_v1.png
Pick up the orange block that is closest to you.,https://raw.githubusercontent.com/dulangaweerakoon/images_mturk_pickplace/master/dist1/Configuration_10_v2.png
you want the lone yellow one on the outside right of the pile.,https://raw.githubusercontent.com/dulangaweerakoon/images_mturk_pickplace/master/dist1/Configuration_1_v1.png
Grab the 2nd right-most yellow block.,https://raw.githubusercontent.com/dulangaweerakoon/images_mturk_pickplace/master/dist1/Configuration_11_v1.png
Furthest away from you there are two blue blocks grouped together. One of those two blocks is near to a green and orange grouping. Take the blue block that is closest to that group.,https://raw.githubusercontent.com/dulangaweerakoon/images_mturk_pickplace/master/dist1/Configuration_12_v1.png
"There are several blue blocks - most of them are quite close together, but one is further apart. Pick up that one - it should be on your right.",https://raw.githubusercontent.com/dulangaweerakoon/images_mturk_pickplace/master/dist1/Configuration_14_v1.png
"Pick up the green block that is the furthest to your left, and next to the blue block.",https://raw.githubusercontent.com/dulangaweerakoon/images_mturk_pickplace/master/dist1/Configuration_7_v2.png
Pick up the blue block at the top of that cluster to the left of you.,https://raw.githubusercontent.com/dulangaweerakoon/images_mturk_pickplace/master/dist1/Configuration_2_v2.png
Please look at the blocks on the table and pick up the blue block that is furthest to the left in the arrangement.,https://raw.githubusercontent.com/dulangaweerakoon/images_mturk_pickplace/master/dist1/Configuration_11_v2.png
There is a green block that is closest to you. Pick it up.,https://raw.githubusercontent.com/dulangaweerakoon/images_mturk_pickplace/master/dist1/Configuration_1_v2.png
pick up the orange cube that's closest to me and also furthest away from you on your left,https://raw.githubusercontent.com/dulangaweerakoon/images_mturk_pickplace/master/dist1/Configuration_10_v1.png
The block is on the left side of the table towards the bottom. It is between the 1st and 3rd block from the bottom.,https://raw.githubusercontent.com/dulangaweerakoon/images_mturk_pickplace/master/dist1/Configuration_13_v1.png
Pick up the yellow block that is closest to the rightmost blue block.,https://raw.githubusercontent.com/dulangaweerakoon/images_mturk_pickplace/master/dist1/Configuration_4_v1.png
Pick up the yellow block that is in between two green blocks and above the blue block.,https://raw.githubusercontent.com/dulangaweerakoon/images_mturk_pickplace/master/dist1/Configuration_11_v1.png
Pick up the green block that is in the middle of the five green blocks that are on the left side of the table.,https://raw.githubusercontent.com/dulangaweerakoon/images_mturk_pickplace/master/dist1/Configuration_6_v1.png
Pick up the yellow block closest to you that is also touching the left-most blue block.,https://raw.githubusercontent.com/dulangaweerakoon/images_mturk_pickplace/master/dist1/Configuration_11_v1.png
"From your point of view, grab the blue block that is directly behind the closest green block to you.",https://raw.githubusercontent.com/dulangaweerakoon/images_mturk_pickplace/master/dist1/Configuration_14_v2.png
grab the blue block that is closest to you on your left.,https://raw.githubusercontent.com/dulangaweerakoon/images_mturk_pickplace/master/dist1/Configuration_2_v1.png
the closest yellow block to me,https://raw.githubusercontent.com/dulangaweerakoon/images_mturk_pickplace/master/dist1/Configuration_5_v2.png
From your perspective i would pick the closest orange block to yourself.,https://raw.githubusercontent.com/dulangaweerakoon/images_mturk_pickplace/master/dist1/Configuration_13_v1.png
Pick up the green block that is in the middle of the three green blocks that are very close together.,https://raw.githubusercontent.com/dulangaweerakoon/images_mturk_pickplace/master/dist1/Configuration_8_v1.png
Pick up the right most green block,https://raw.githubusercontent.com/dulangaweerakoon/images_mturk_pickplace/master/dist1/Configuration_1_v2.png
Pick up the green block that is closest to you.,https://raw.githubusercontent.com/dulangaweerakoon/images_mturk_pickplace/master/dist1/Configuration_1_v2.png
pick up the yellow block that is above the bottom orange block. It is the one to the left of the other yellow block,https://raw.githubusercontent.com/dulangaweerakoon/images_mturk_pickplace/master/dist1/Configuration_4_v2.png
pick up the middle green block from the 3 in a horizontal row,https://raw.githubusercontent.com/dulangaweerakoon/images_mturk_pickplace/master/dist1/Configuration_8_v1.png
Pick up the second furthest yellow block on your right.,https://raw.githubusercontent.com/dulangaweerakoon/images_mturk_pickplace/master/dist1/Configuration_4_v1.png
Pick up the blue box furthest to your right.,https://raw.githubusercontent.com/dulangaweerakoon/images_mturk_pickplace/master/dist1/Configuration_11_v2.png
Pick up the box furthest to your left.,https://raw.githubusercontent.com/dulangaweerakoon/images_mturk_pickplace/master/dist1/Configuration_10_v1.png
Pick up the furthest away yellow block.,https://raw.githubusercontent.com/dulangaweerakoon/images_mturk_pickplace/master/dist1/Configuration_5_v2.png
"Raise your right hand, place it on the table, slide it forward, and touch the third green block you see.",https://raw.githubusercontent.com/dulangaweerakoon/images_mturk_pickplace/master/dist1/Configuration_6_v1.png
pick up the blue block on your right,https://raw.githubusercontent.com/dulangaweerakoon/images_mturk_pickplace/master/dist1/Configuration_11_v2.png
"On your left side, pick up the yellow block that is 2 blocks behind the blue block.",https://raw.githubusercontent.com/dulangaweerakoon/images_mturk_pickplace/master/dist1/Configuration_13_v2.png
"Pick up the orange block that is closest to me, and separated from the rest of the blocks.",https://raw.githubusercontent.com/dulangaweerakoon/images_mturk_pickplace/master/dist1/Configuration_10_v1.png
pick up the middle green block from the group of 5,https://raw.githubusercontent.com/dulangaweerakoon/images_mturk_pickplace/master/dist1/Configuration_6_v1.png
Pick up the orange block that is closet to you.,https://raw.githubusercontent.com/dulangaweerakoon/images_mturk_pickplace/master/dist1/Configuration_13_v1.png
the third blue block from my left,https://raw.githubusercontent.com/dulangaweerakoon/images_mturk_pickplace/master/dist1/Configuration_12_v1.png
the middle row of green blocks. the green block that is in the center.,https://raw.githubusercontent.com/dulangaweerakoon/images_mturk_pickplace/master/dist1/Configuration_8_v1.png
Grab the yellow block directly above the yellow block that is closest to you.,https://raw.githubusercontent.com/dulangaweerakoon/images_mturk_pickplace/master/dist1/Configuration_4_v1.png
reach out and grab the blue block on the right side.,https://raw.githubusercontent.com/dulangaweerakoon/images_mturk_pickplace/master/dist1/Configuration_11_v2.png
Look for a yellow block. Pick up the only yellow block.,https://raw.githubusercontent.com/dulangaweerakoon/images_mturk_pickplace/master/dist1/Configuration_1_v1.png
Grab the green block that is in the center of the table and touching one other green block.,https://raw.githubusercontent.com/dulangaweerakoon/images_mturk_pickplace/master/dist1/Configuration_8_v2.png
The left most orange block.,https://raw.githubusercontent.com/dulangaweerakoon/images_mturk_pickplace/master/dist1/Configuration_10_v1.png
Pick up the yellow block that is two blocks above the blue block closest to you.,https://raw.githubusercontent.com/dulangaweerakoon/images_mturk_pickplace/master/dist1/Configuration_13_v2.png
pick up left arm and go in the middle and pick up block.,https://raw.githubusercontent.com/dulangaweerakoon/images_mturk_pickplace/master/dist1/Configuration_5_v1.png
It is the block that is 2nd from the bottom starting left.,https://raw.githubusercontent.com/dulangaweerakoon/images_mturk_pickplace/master/dist1/Configuration_12_v1.png
Pick up the orange block nearest to you.,https://raw.githubusercontent.com/dulangaweerakoon/images_mturk_pickplace/master/dist1/Configuration_10_v2.png
grab the orange block closest to you.,https://raw.githubusercontent.com/dulangaweerakoon/images_mturk_pickplace/master/dist1/Configuration_13_v1.png
Pick up the blue on your left side of the table.,https://raw.githubusercontent.com/dulangaweerakoon/images_mturk_pickplace/master/dist1/Configuration_7_v1.png
Look for the two yellow blocks that have blue blocks on their left and right. Take the yellow block that is on the right.,https://raw.githubusercontent.com/dulangaweerakoon/images_mturk_pickplace/master/dist1/Configuration_4_v1.png
Pick up the left green block out of that touching pair.,https://raw.githubusercontent.com/dulangaweerakoon/images_mturk_pickplace/master/dist1/Configuration_8_v1.png
Locate and pick up the blue block standing closest to you,https://raw.githubusercontent.com/dulangaweerakoon/images_mturk_pickplace/master/dist1/Configuration_11_v2.png
Reach out with your right arm and grab the green block that's closest to you.,https://raw.githubusercontent.com/dulangaweerakoon/images_mturk_pickplace/master/dist1/Configuration_3_v1.png
Get the yellow block.,https://raw.githubusercontent.com/dulangaweerakoon/images_mturk_pickplace/master/dist1/Configuration_1_v1.png
Pick up the far left front orange block that is somewhat in its own space away from the other blocks.,https://raw.githubusercontent.com/dulangaweerakoon/images_mturk_pickplace/master/dist1/Configuration_10_v1.png
the yellow block that is flush with a green block,https://raw.githubusercontent.com/dulangaweerakoon/images_mturk_pickplace/master/dist1/Configuration_13_v2.png
Pick up the block on your right side thats closest to you.,https://raw.githubusercontent.com/dulangaweerakoon/images_mturk_pickplace/master/dist1/Configuration_10_v2.png
Pick up the orange block that is second from the right from your view.,https://raw.githubusercontent.com/dulangaweerakoon/images_mturk_pickplace/master/dist1/Configuration_13_v1.png
pick up the blue block that's furthest to your left.,https://raw.githubusercontent.com/dulangaweerakoon/images_mturk_pickplace/master/dist1/Configuration_7_v1.png
Pick up the blue block that is farthest from you.,https://raw.githubusercontent.com/dulangaweerakoon/images_mturk_pickplace/master/dist1/Configuration_12_v2.png
Pick up the closest block to you.,https://raw.githubusercontent.com/dulangaweerakoon/images_mturk_pickplace/master/dist1/Configuration_1_v2.png
Pick up the green block farthest to your left.,https://raw.githubusercontent.com/dulangaweerakoon/images_mturk_pickplace/master/dist1/Configuration_7_v2.png
pick up the green block that is in the direct center of the table,https://raw.githubusercontent.com/dulangaweerakoon/images_mturk_pickplace/master/dist1/Configuration_8_v2.png
Pick up the block thats in the dead middle a little on your right side.,https://raw.githubusercontent.com/dulangaweerakoon/images_mturk_pickplace/master/dist1/Configuration_8_v1.png
There is a block in the towards the  front of the pile. Lift your left hand and put it over the table. i will guide you as to what direction and when to pick up the block.it is the second block in.,https://raw.githubusercontent.com/dulangaweerakoon/images_mturk_pickplace/master/dist1/Configuration_2_v2.png
pick up the blue block on your left.,https://raw.githubusercontent.com/dulangaweerakoon/images_mturk_pickplace/master/dist1/Configuration_7_v1.png
Pick up the yellow block.,https://raw.githubusercontent.com/dulangaweerakoon/images_mturk_pickplace/master/dist1/Configuration_1_v1.png
yellow block right in the middle surrounded by many blocks.,https://raw.githubusercontent.com/dulangaweerakoon/images_mturk_pickplace/master/dist1/Configuration_13_v2.png
Pick up the green block in the center that is behind a yellow block.,https://raw.githubusercontent.com/dulangaweerakoon/images_mturk_pickplace/master/dist1/Configuration_8_v2.png
Grab the blue box closest to you on the table.,https://raw.githubusercontent.com/dulangaweerakoon/images_mturk_pickplace/master/dist1/Configuration_11_v2.png
Pick up the first blue block to the left of the brown block on your left.,https://raw.githubusercontent.com/dulangaweerakoon/images_mturk_pickplace/master/dist1/Configuration_2_v1.png
"Pick up the green block that is directly in the middle of the table, right behind the two orange blocks that are furthest away from you.",https://raw.githubusercontent.com/dulangaweerakoon/images_mturk_pickplace/master/dist1/Configuration_6_v2.png
Pick up the green block that is second closest to my right side.,https://raw.githubusercontent.com/dulangaweerakoon/images_mturk_pickplace/master/dist1/Configuration_7_v2.png
you want to grab the green on in the back between the yellow and the orange one,https://raw.githubusercontent.com/dulangaweerakoon/images_mturk_pickplace/master/dist1/Configuration_9_v1.png
Pick the orange block that is closest to you,https://raw.githubusercontent.com/dulangaweerakoon/images_mturk_pickplace/master/dist1/Configuration_13_v1.png
Pick up the green block that is the second from your right.,https://raw.githubusercontent.com/dulangaweerakoon/images_mturk_pickplace/master/dist1/Configuration_6_v2.png
Pick up the blue block that is on your far right.,https://raw.githubusercontent.com/dulangaweerakoon/images_mturk_pickplace/master/dist1/Configuration_14_v1.png
Pick up the orange block that is second from the right.,https://raw.githubusercontent.com/dulangaweerakoon/images_mturk_pickplace/master/dist1/Configuration_13_v1.png
Please pick up the orange block nearest to you on your right hand side.,https://raw.githubusercontent.com/dulangaweerakoon/images_mturk_pickplace/master/dist1/Configuration_10_v2.png
Pick the orange colored block that is further from you on your left.,https://raw.githubusercontent.com/dulangaweerakoon/images_mturk_pickplace/master/dist1/Configuration_10_v1.png
Pick up the green block to the right or the blue block in the middle.,https://raw.githubusercontent.com/dulangaweerakoon/images_mturk_pickplace/master/dist1/Configuration_8_v2.png
Pick up the yellow block the third yellow block back on your right hand side next to the blue block.,https://raw.githubusercontent.com/dulangaweerakoon/images_mturk_pickplace/master/dist1/Configuration_4_v1.png
you need to pick up the blue block sitting right behind the green block closest to you,https://raw.githubusercontent.com/dulangaweerakoon/images_mturk_pickplace/master/dist1/Configuration_14_v2.png
It is more towards the right side of the table. It is the 4th block from the top on the right side.,https://raw.githubusercontent.com/dulangaweerakoon/images_mturk_pickplace/master/dist1/Configuration_11_v1.png
"Raise your right hand, reach across the table in front of you, slide your hand to the left, and pick up the first green block you see.",https://raw.githubusercontent.com/dulangaweerakoon/images_mturk_pickplace/master/dist1/Configuration_9_v1.png
Pick up the orange block that is the closest one to you of the three that are on the back side of the table.,https://raw.githubusercontent.com/dulangaweerakoon/images_mturk_pickplace/master/dist1/Configuration_13_v1.png
On the left side there is two green blocks. You want to select the green one nearest you.,https://raw.githubusercontent.com/dulangaweerakoon/images_mturk_pickplace/master/dist1/Configuration_7_v2.png
"Of the two purple blocks closest to me, pick up the one that is closest to you.",https://raw.githubusercontent.com/dulangaweerakoon/images_mturk_pickplace/master/dist1/Configuration_12_v1.png
Pick up the blue block that is directly in front of the closest green block to you.,https://raw.githubusercontent.com/dulangaweerakoon/images_mturk_pickplace/master/dist1/Configuration_14_v2.png
I would ask them to lift the block in front of them on their right.,https://raw.githubusercontent.com/dulangaweerakoon/images_mturk_pickplace/master/dist1/Configuration_14_v1.png
Pick up the 1st orange block on the right,https://raw.githubusercontent.com/dulangaweerakoon/images_mturk_pickplace/master/dist1/Configuration_10_v2.png
Pick up the purple block furthest to the right.,https://raw.githubusercontent.com/dulangaweerakoon/images_mturk_pickplace/master/dist1/Configuration_14_v1.png
Pick up the furthest orange block on your left,https://raw.githubusercontent.com/dulangaweerakoon/images_mturk_pickplace/master/dist1/Configuration_5_v1.png
"Find the two green blocks that are aligned so that one edge of each block is touching each other.  Of these two green blocks, pick up the one to your left.",https://raw.githubusercontent.com/dulangaweerakoon/images_mturk_pickplace/master/dist1/Configuration_8_v1.png
Pick up the yellow block.,https://raw.githubusercontent.com/dulangaweerakoon/images_mturk_pickplace/master/dist1/Configuration_1_v1.png
Pick up the orange block all the way in the back on your left,https://raw.githubusercontent.com/dulangaweerakoon/images_mturk_pickplace/master/dist1/Configuration_10_v1.png
Pick up the blue block farthest away from you.,https://raw.githubusercontent.com/dulangaweerakoon/images_mturk_pickplace/master/dist1/Configuration_12_v2.png
"I would tell the robot to pick up the blue block on the far left, just above the yellow block and closer to me",https://raw.githubusercontent.com/dulangaweerakoon/images_mturk_pickplace/master/dist1/Configuration_14_v1.png
Pick up the blue block that is in front of the green block closest to you.,https://raw.githubusercontent.com/dulangaweerakoon/images_mturk_pickplace/master/dist1/Configuration_14_v2.png
Pick the blue block that closest to you,https://raw.githubusercontent.com/dulangaweerakoon/images_mturk_pickplace/master/dist1/Configuration_7_v1.png
Pick up the farthest away orange block,https://raw.githubusercontent.com/dulangaweerakoon/images_mturk_pickplace/master/dist1/Configuration_5_v1.png
"Pick up the blue block that is the furthest away from you, directly behind the yellow block.",https://raw.githubusercontent.com/dulangaweerakoon/images_mturk_pickplace/master/dist1/Configuration_12_v2.png
Pick up the green block that's touching the yellow block furthest away from you.,https://raw.githubusercontent.com/dulangaweerakoon/images_mturk_pickplace/master/dist1/Configuration_8_v2.png
There are two blue blocks directly in front of me. Pick up the one that is further to your right and directly behind the yellow block.,https://raw.githubusercontent.com/dulangaweerakoon/images_mturk_pickplace/master/dist1/Configuration_12_v2.png
Pick up the yellow block.,https://raw.githubusercontent.com/dulangaweerakoon/images_mturk_pickplace/master/dist1/Configuration_1_v1.png
pick the third yellow block from the bottom,https://raw.githubusercontent.com/dulangaweerakoon/images_mturk_pickplace/master/dist1/Configuration_4_v2.png
"Directly in front of you is an orange block between a yellow and blue block. Please pick up that orange block, which is above the yellow block in front of you.",https://raw.githubusercontent.com/dulangaweerakoon/images_mturk_pickplace/master/dist1/Configuration_10_v2.png
Move the second orange block from the right corner and then pick up the green block.,https://raw.githubusercontent.com/dulangaweerakoon/images_mturk_pickplace/master/dist1/Configuration_3_v2.png
"Pick up the orange block that is closest to you, or farthest from me.",https://raw.githubusercontent.com/dulangaweerakoon/images_mturk_pickplace/master/dist1/Configuration_13_v1.png
Grab the green block that is in the middle of the cluster of 3 green blocks.,https://raw.githubusercontent.com/dulangaweerakoon/images_mturk_pickplace/master/dist1/Configuration_8_v1.png
Pickup the green block that is closest to you.,https://raw.githubusercontent.com/dulangaweerakoon/images_mturk_pickplace/master/dist1/Configuration_1_v2.png
Pick up the green block closest to you.,https://raw.githubusercontent.com/dulangaweerakoon/images_mturk_pickplace/master/dist1/Configuration_9_v2.png
Pick up the farthest blue block from you that is directly above the orange block.,https://raw.githubusercontent.com/dulangaweerakoon/images_mturk_pickplace/master/dist1/Configuration_12_v1.png
Pick up the blue block 2nd closest to you.,https://raw.githubusercontent.com/dulangaweerakoon/images_mturk_pickplace/master/dist1/Configuration_12_v1.png
Pick up the blue block that is farthest to your left.,https://raw.githubusercontent.com/dulangaweerakoon/images_mturk_pickplace/master/dist1/Configuration_7_v1.png
Pick up the Blue Block that is directly in front of a green block.,https://raw.githubusercontent.com/dulangaweerakoon/images_mturk_pickplace/master/dist1/Configuration_14_v2.png
Pick up the left most green block,https://raw.githubusercontent.com/dulangaweerakoon/images_mturk_pickplace/master/dist1/Configuration_9_v1.png
Pick up the yellow block furthest away from you.,https://raw.githubusercontent.com/dulangaweerakoon/images_mturk_pickplace/master/dist1/Configuration_5_v2.png
"Pick up the block on your right side that is in the middle row, almost all the way to your right.",https://raw.githubusercontent.com/dulangaweerakoon/images_mturk_pickplace/master/dist1/Configuration_4_v1.png
Pick up the far right green block that is close to the blue block and before the farthest green block.,https://raw.githubusercontent.com/dulangaweerakoon/images_mturk_pickplace/master/dist1/Configuration_7_v2.png
Pick up the yellow block that is on your right side and is the second closest to you,https://raw.githubusercontent.com/dulangaweerakoon/images_mturk_pickplace/master/dist1/Configuration_4_v2.png
"Starting from the right most orange block, grab the third yellow block behind it.",https://raw.githubusercontent.com/dulangaweerakoon/images_mturk_pickplace/master/dist1/Configuration_4_v1.png
pick up the yellow cube that is in between two green cubes,https://raw.githubusercontent.com/dulangaweerakoon/images_mturk_pickplace/master/dist1/Configuration_11_v1.png
Look at the arrangement of blocks on the table and pick up the blue block which is closest to you and is furthest to the left.,https://raw.githubusercontent.com/dulangaweerakoon/images_mturk_pickplace/master/dist1/Configuration_12_v2.png
Pick up the yellow block  to the left of the green block farthest from you.,https://raw.githubusercontent.com/dulangaweerakoon/images_mturk_pickplace/master/dist1/Configuration_13_v2.png
Pick up the yellow block to the north west of the blue block furthest to your right.,https://raw.githubusercontent.com/dulangaweerakoon/images_mturk_pickplace/master/dist1/Configuration_4_v1.png
"Pick up the blue block furthest from you, on your left.",https://raw.githubusercontent.com/dulangaweerakoon/images_mturk_pickplace/master/dist1/Configuration_12_v1.png
Pickup the blue block that is second farthest to the left.,https://raw.githubusercontent.com/dulangaweerakoon/images_mturk_pickplace/master/dist1/Configuration_2_v1.png
Pick up the yellow block.,https://raw.githubusercontent.com/dulangaweerakoon/images_mturk_pickplace/master/dist1/Configuration_1_v1.png
pick up right arm and head straight and pick up first block.,https://raw.githubusercontent.com/dulangaweerakoon/images_mturk_pickplace/master/dist1/Configuration_1_v2.png
Look for a blue block. Pick up the blue block that is the second furthest to the right of you.,https://raw.githubusercontent.com/dulangaweerakoon/images_mturk_pickplace/master/dist1/Configuration_14_v2.png
There are three blue boxes in a tight cluster on your left side. Pick the one in the middle.,https://raw.githubusercontent.com/dulangaweerakoon/images_mturk_pickplace/master/dist1/Configuration_2_v1.png
Pick up the yellow block directly to the right of the bottom green block,https://raw.githubusercontent.com/dulangaweerakoon/images_mturk_pickplace/master/dist1/Configuration_13_v2.png
Pick up the green block that is the closest to you,https://raw.githubusercontent.com/dulangaweerakoon/images_mturk_pickplace/master/dist1/Configuration_1_v2.png
The one you want is on the left hand side in a grouping of blue and orange ones.   it is the second blue one after the orange one,https://raw.githubusercontent.com/dulangaweerakoon/images_mturk_pickplace/master/dist1/Configuration_2_v2.png
Pick up the orange block one that is nearest you.,https://raw.githubusercontent.com/dulangaweerakoon/images_mturk_pickplace/master/dist1/Configuration_13_v1.png
"Pick up the orange block nearest to you, the one second from your right.",https://raw.githubusercontent.com/dulangaweerakoon/images_mturk_pickplace/master/dist1/Configuration_13_v1.png
Pick up the blue block that is behind the orange block and next to the yellow block.,https://raw.githubusercontent.com/dulangaweerakoon/images_mturk_pickplace/master/dist1/Configuration_2_v2.png
Pick up the blue block that is northwest to the nearest orange block from your view.,https://raw.githubusercontent.com/dulangaweerakoon/images_mturk_pickplace/master/dist1/Configuration_2_v1.png
Pick up the right-most blue block.,https://raw.githubusercontent.com/dulangaweerakoon/images_mturk_pickplace/master/dist1/Configuration_11_v2.png
Pick up the yellow block that is directly in front of the farthest blue block from you.,https://raw.githubusercontent.com/dulangaweerakoon/images_mturk_pickplace/master/dist1/Configuration_11_v1.png
Pick up the blue block that is third from the left.,https://raw.githubusercontent.com/dulangaweerakoon/images_mturk_pickplace/master/dist1/Configuration_2_v2.png
Pick up the green block that is closest to you,https://raw.githubusercontent.com/dulangaweerakoon/images_mturk_pickplace/master/dist1/Configuration_9_v2.png
grab the orange block closest to you.,https://raw.githubusercontent.com/dulangaweerakoon/images_mturk_pickplace/master/dist1/Configuration_13_v1.png
Pick up the yellow block that is in between 3 other yellow blocks and next to a green block.,https://raw.githubusercontent.com/dulangaweerakoon/images_mturk_pickplace/master/dist1/Configuration_13_v2.png
There is a block in the left side of the table. Lift your left hand and put it over the table. i will guide you as to what direction and when to pick up the block. the block is the furthest to your left,https://raw.githubusercontent.com/dulangaweerakoon/images_mturk_pickplace/master/dist1/Configuration_10_v1.png
Pick up the yellow block that is the second furthest from the orange block closest to you.,https://raw.githubusercontent.com/dulangaweerakoon/images_mturk_pickplace/master/dist1/Configuration_4_v2.png
Grab the orange block that is in the middle of the cluster of 3 orange blocks.,https://raw.githubusercontent.com/dulangaweerakoon/images_mturk_pickplace/master/dist1/Configuration_13_v1.png
Pick up the green block right in front of the two blue blocks that are furthest away from you.,https://raw.githubusercontent.com/dulangaweerakoon/images_mturk_pickplace/master/dist1/Configuration_3_v2.png
"Looking at the arrangement of five green blocks towards the right, please pick up the green block that is in the middle of the arrangement.",https://raw.githubusercontent.com/dulangaweerakoon/images_mturk_pickplace/master/dist1/Configuration_6_v1.png
The block is on the left side of the table. It is the one closest to the left corner.,https://raw.githubusercontent.com/dulangaweerakoon/images_mturk_pickplace/master/dist1/Configuration_14_v1.png
Pick up the green block that is closest to you.,https://raw.githubusercontent.com/dulangaweerakoon/images_mturk_pickplace/master/dist1/Configuration_3_v1.png
Pick up the block that is dead in the middle.,https://raw.githubusercontent.com/dulangaweerakoon/images_mturk_pickplace/master/dist1/Configuration_8_v2.png
pick up the green block underneath the two uppermost blue blocks,https://raw.githubusercontent.com/dulangaweerakoon/images_mturk_pickplace/master/dist1/Configuration_3_v2.png
"There are two green blocks right in front of you, behind them to your left are two green blocks close to one another. Pick up the left most block of those two that are almost touching.",https://raw.githubusercontent.com/dulangaweerakoon/images_mturk_pickplace/master/dist1/Configuration_8_v1.png
grab the orange block that is furthest to the right and at the bottom beside a yellow block.,https://raw.githubusercontent.com/dulangaweerakoon/images_mturk_pickplace/master/dist1/Configuration_5_v1.png
pick up the green block closest to me,https://raw.githubusercontent.com/dulangaweerakoon/images_mturk_pickplace/master/dist1/Configuration_9_v1.png
Please pick up the green block closest to you.,https://raw.githubusercontent.com/dulangaweerakoon/images_mturk_pickplace/master/dist1/Configuration_3_v1.png
Do you see the orange block towards your right? There is a yellow block behind it. Do not grab that block but the other yellow one right next to it.,https://raw.githubusercontent.com/dulangaweerakoon/images_mturk_pickplace/master/dist1/Configuration_4_v2.png
"Looking from left to right, ignore the first three purple blocks that you see. Now pick up the purple block is the closest to you out of the remaining three purple blocks. This block is touching another purple as well as located closer to you.",https://raw.githubusercontent.com/dulangaweerakoon/images_mturk_pickplace/master/dist1/Configuration_14_v2.png
There is a block in the back of the pile. Lift your right hand and put it over the table. i will guide you as to what direction and when to pick up the block. the block is the last one in the back on the right side,https://raw.githubusercontent.com/dulangaweerakoon/images_mturk_pickplace/master/dist1/Configuration_1_v1.png
Pick up the blue block behind the closest green block.,https://raw.githubusercontent.com/dulangaweerakoon/images_mturk_pickplace/master/dist1/Configuration_14_v2.png
Pickup the blue block on the right.,https://raw.githubusercontent.com/dulangaweerakoon/images_mturk_pickplace/master/dist1/Configuration_11_v2.png
Pick up the yellow block that is northeast of my left most blue block.,https://raw.githubusercontent.com/dulangaweerakoon/images_mturk_pickplace/master/dist1/Configuration_4_v2.png
Pick the orange cube that is furthest away from you.,https://raw.githubusercontent.com/dulangaweerakoon/images_mturk_pickplace/master/dist1/Configuration_5_v1.png
There is an orange block on the right side of the table.  Next to this orange block is a yellow block.  Please pick up the yellow block touching the yellow block.,https://raw.githubusercontent.com/dulangaweerakoon/images_mturk_pickplace/master/dist1/Configuration_4_v1.png
pick up left hand and pick up 2nd block to the left.,https://raw.githubusercontent.com/dulangaweerakoon/images_mturk_pickplace/master/dist1/Configuration_2_v1.png
From your perspective i would pick the middle cube in the cluster of green cubes on your left side.,https://raw.githubusercontent.com/dulangaweerakoon/images_mturk_pickplace/master/dist1/Configuration_6_v1.png
Pick up the yellow block that is sandwiched between two green blocks and one blue block.,https://raw.githubusercontent.com/dulangaweerakoon/images_mturk_pickplace/master/dist1/Configuration_11_v1.png
Pick up the single green block that is farthest away from you and to the left.,https://raw.githubusercontent.com/dulangaweerakoon/images_mturk_pickplace/master/dist1/Configuration_9_v1.png
Pick up the green block that is furthest away from me.,https://raw.githubusercontent.com/dulangaweerakoon/images_mturk_pickplace/master/dist1/Configuration_3_v1.png
pick up the green cube closest to you,https://raw.githubusercontent.com/dulangaweerakoon/images_mturk_pickplace/master/dist1/Configuration_1_v2.png
"Pick up the first green block that you see when you look directly forward, this block is also the closest green block near you.",https://raw.githubusercontent.com/dulangaweerakoon/images_mturk_pickplace/master/dist1/Configuration_1_v2.png
Pick up the green block that is furthest away from you.,https://raw.githubusercontent.com/dulangaweerakoon/images_mturk_pickplace/master/dist1/Configuration_9_v1.png
Pick up the closest block to you.,https://raw.githubusercontent.com/dulangaweerakoon/images_mturk_pickplace/master/dist1/Configuration_3_v1.png
Pick up the blue block that is behind the green block closest to you.,https://raw.githubusercontent.com/dulangaweerakoon/images_mturk_pickplace/master/dist1/Configuration_14_v2.png
Grab the green block that is closest to you.,https://raw.githubusercontent.com/dulangaweerakoon/images_mturk_pickplace/master/dist1/Configuration_1_v2.png
Grab the orange block closest to you on the table.,https://raw.githubusercontent.com/dulangaweerakoon/images_mturk_pickplace/master/dist1/Configuration_10_v2.png
Pick up the rightmost blue block.,https://raw.githubusercontent.com/dulangaweerakoon/images_mturk_pickplace/master/dist1/Configuration_14_v1.png
pick up the third blue block from your left,https://raw.githubusercontent.com/dulangaweerakoon/images_mturk_pickplace/master/dist1/Configuration_2_v2.png
Pick up the blue block that is closest to you.,https://raw.githubusercontent.com/dulangaweerakoon/images_mturk_pickplace/master/dist1/Configuration_11_v2.png
Pick the yellow block farthest away from you.,https://raw.githubusercontent.com/dulangaweerakoon/images_mturk_pickplace/master/dist1/Configuration_5_v2.png
"Find the blue block that is in between two yellow blocks. Looking at only those three blocks, pick up the yellow one that is closest to you.",https://raw.githubusercontent.com/dulangaweerakoon/images_mturk_pickplace/master/dist1/Configuration_11_v1.png
Pick up the only yellow block.,https://raw.githubusercontent.com/dulangaweerakoon/images_mturk_pickplace/master/dist1/Configuration_1_v1.png
Pick up the blue block closest to me,https://raw.githubusercontent.com/dulangaweerakoon/images_mturk_pickplace/master/dist1/Configuration_12_v2.png
Pick up the green block that is closest to you.,https://raw.githubusercontent.com/dulangaweerakoon/images_mturk_pickplace/master/dist1/Configuration_9_v2.png
Pick up the orange block closest to you.,https://raw.githubusercontent.com/dulangaweerakoon/images_mturk_pickplace/master/dist1/Configuration_10_v2.png
Grab the orange block that is to the furthest right of you.,https://raw.githubusercontent.com/dulangaweerakoon/images_mturk_pickplace/master/dist1/Configuration_10_v1.png
Pick up the blue block that is directly behind the green block in front of you.,https://raw.githubusercontent.com/dulangaweerakoon/images_mturk_pickplace/master/dist1/Configuration_14_v2.png
"Of the yellow blocks to your far right, pick up the one second closest to you.",https://raw.githubusercontent.com/dulangaweerakoon/images_mturk_pickplace/master/dist1/Configuration_4_v2.png
Pick up the yellow block that is surrounded by three green blocks and one blue block.,https://raw.githubusercontent.com/dulangaweerakoon/images_mturk_pickplace/master/dist1/Configuration_11_v1.png
Pick up the blue block second furthest from you.,https://raw.githubusercontent.com/dulangaweerakoon/images_mturk_pickplace/master/dist1/Configuration_12_v1.png
"Please pick up the green block that is nearest to the exact center of the table, and directly in front of an orange block. Do not pick up the green block located behind a blue block.",https://raw.githubusercontent.com/dulangaweerakoon/images_mturk_pickplace/master/dist1/Configuration_6_v2.png
Pick up the green block that is face to face with another green block to its right.,https://raw.githubusercontent.com/dulangaweerakoon/images_mturk_pickplace/master/dist1/Configuration_8_v1.png
"To the right is one orange block, then 2 yellow blocks. Pick the 2nd yellow block.",https://raw.githubusercontent.com/dulangaweerakoon/images_mturk_pickplace/master/dist1/Configuration_4_v2.png
Please pick up the blue block that is the second furthest to your left hand side.,https://raw.githubusercontent.com/dulangaweerakoon/images_mturk_pickplace/master/dist1/Configuration_2_v1.png
Pick up the furthest left orange block.,https://raw.githubusercontent.com/dulangaweerakoon/images_mturk_pickplace/master/dist1/Configuration_10_v1.png
grab the orange block that is nearest you,https://raw.githubusercontent.com/dulangaweerakoon/images_mturk_pickplace/master/dist1/Configuration_10_v2.png
Grab the orange block that is closest to you.,https://raw.githubusercontent.com/dulangaweerakoon/images_mturk_pickplace/master/dist1/Configuration_5_v1.png
From your perspective i would start counting block from the left bottom corner and count to the right top corner. It should be the third block and it is yellow.,https://raw.githubusercontent.com/dulangaweerakoon/images_mturk_pickplace/master/dist1/Configuration_4_v2.png
grab the yellow block that is on the left side right above the blue block on the left and right under the orange and yellow block.,https://raw.githubusercontent.com/dulangaweerakoon/images_mturk_pickplace/master/dist1/Configuration_4_v2.png
Pick up the blue block located on the right side of the table,https://raw.githubusercontent.com/dulangaweerakoon/images_mturk_pickplace/master/dist1/Configuration_14_v1.png
"Out of the four yellow blocks, one is directly in front of me and is the closest block to me. Pick that one up.",https://raw.githubusercontent.com/dulangaweerakoon/images_mturk_pickplace/master/dist1/Configuration_5_v2.png
Lift your left hand and put it over the table. i will guide you as to what direction and when to pick up an object. it will be the 3rd block in on your left,https://raw.githubusercontent.com/dulangaweerakoon/images_mturk_pickplace/master/dist1/Configuration_13_v2.png
Pick up the green block that is further away from you.,https://raw.githubusercontent.com/dulangaweerakoon/images_mturk_pickplace/master/dist1/Configuration_3_v2.png
Pick up the yellow block that is the third furthest away from you on the table.,https://raw.githubusercontent.com/dulangaweerakoon/images_mturk_pickplace/master/dist1/Configuration_4_v2.png
Pick up the middle orange block.,https://raw.githubusercontent.com/dulangaweerakoon/images_mturk_pickplace/master/dist1/Configuration_13_v1.png
Green block in the middle surround by a bunch of other green blocks,https://raw.githubusercontent.com/dulangaweerakoon/images_mturk_pickplace/master/dist1/Configuration_6_v1.png
"Pick up the blue block that is above a green block, but below a blue block in the center of the table.",https://raw.githubusercontent.com/dulangaweerakoon/images_mturk_pickplace/master/dist1/Configuration_14_v2.png
Ignore the stack of three blue blocks  and the single blue block and pick up the bottom blue block from the pair.,https://raw.githubusercontent.com/dulangaweerakoon/images_mturk_pickplace/master/dist1/Configuration_14_v2.png
Pick up the blue block which is farthest to your right.,https://raw.githubusercontent.com/dulangaweerakoon/images_mturk_pickplace/master/dist1/Configuration_14_v1.png
"only focusing on the green blocks, pick up the one that is the 3rd farthest away from you.",https://raw.githubusercontent.com/dulangaweerakoon/images_mturk_pickplace/master/dist1/Configuration_6_v1.png
pick up the farthest green block,https://raw.githubusercontent.com/dulangaweerakoon/images_mturk_pickplace/master/dist1/Configuration_9_v1.png
Pick up the topmost blue block,https://raw.githubusercontent.com/dulangaweerakoon/images_mturk_pickplace/master/dist1/Configuration_12_v2.png
Pick up the block on your left side thats closer to me but not all the way in the back.,https://raw.githubusercontent.com/dulangaweerakoon/images_mturk_pickplace/master/dist1/Configuration_1_v1.png
Pick up the blue block furthest on the right.,https://raw.githubusercontent.com/dulangaweerakoon/images_mturk_pickplace/master/dist1/Configuration_14_v1.png
Pick up the blue block in the exact center of the table closest to you.,https://raw.githubusercontent.com/dulangaweerakoon/images_mturk_pickplace/master/dist1/Configuration_14_v2.png
Pick up the yellow block that is being touched by two other yellow blocks and a blue block,https://raw.githubusercontent.com/dulangaweerakoon/images_mturk_pickplace/master/dist1/Configuration_4_v1.png
Pick up the orange block closest to me.,https://raw.githubusercontent.com/dulangaweerakoon/images_mturk_pickplace/master/dist1/Configuration_10_v2.png
Pick up the yellow block closest to me which is in front of the two orange blocks,https://raw.githubusercontent.com/dulangaweerakoon/images_mturk_pickplace/master/dist1/Configuration_5_v2.png